[
  {
    "userId": 3,
    "ip": "148.252.149.237",
    "timestamp": 1765482069919,
    "userAgent": "Mozilla/5.0 (Linux; Android 10; K) AppleWebKit/537.36 (KHTML, like Gecko) Chrome/143.0.0.0 Mobile Safari/537.36"
  },
  {
    "userId": 3,
    "ip": "148.252.149.237",
    "timestamp": 1765482532540,
    "userAgent": "Mozilla/5.0 (Linux; Android 16; SM-S938B Build/BP2A.250605.031.A3; wv) AppleWebKit/537.36 (KHTML, like Gecko) Version/4.0 Chrome/142.0.7444.171 Mobile Safari/537.36 Replit-Bonsai/2.165.3 (samsung/pa3qxeea/pa3q:16/BP2A.250605.031.A3/S938BXXU5BYI3_OXM5BYI3:user/release-keys 16)"
  },
  {
    "userId": 3,
    "ip": "148.252.149.237",
    "timestamp": 1765482553592,
    "userAgent": "Mozilla/5.0 (Linux; Android 10; K) AppleWebKit/537.36 (KHTML, like Gecko) Chrome/143.0.0.0 Mobile Safari/537.36"
  },
  {
    "userId": 3,
    "ip": "148.252.149.237",
    "timestamp": 1765485398547,
    "userAgent": "Mozilla/5.0 (Linux; Android 16; SM-S938B Build/BP2A.250605.031.A3; wv) AppleWebKit/537.36 (KHTML, like Gecko) Version/4.0 Chrome/142.0.7444.171 Mobile Safari/537.36 Replit-Bonsai/2.165.3 (samsung/pa3qxeea/pa3q:16/BP2A.250605.031.A3/S938BXXU5BYI3_OXM5BYI3:user/release-keys 16)"
  },
  {
    "userId": 3,
    "ip": "148.252.148.196",
    "timestamp": 1765625546973,
    "userAgent": "Mozilla/5.0 (Linux; Android 16; SM-S938B Build/BP2A.250605.031.A3; wv) AppleWebKit/537.36 (KHTML, like Gecko) Version/4.0 Chrome/142.0.7444.171 Mobile Safari/537.36 Replit-Bonsai/2.165.3 (samsung/pa3qxeea/pa3q:16/BP2A.250605.031.A3/S938BXXU5BYI3_OXM5BYI3:user/release-keys 16)"
  },
  {
    "userId": 3,
    "ip": "148.252.157.36",
    "timestamp": 1765832942925,
    "userAgent": "Mozilla/5.0 (Linux; Android 16; SM-S938B Build/BP2A.250605.031.A3; wv) AppleWebKit/537.36 (KHTML, like Gecko) Version/4.0 Chrome/142.0.7444.171 Mobile Safari/537.36 Replit-Bonsai/2.165.3 (samsung/pa3qxeea/pa3q:16/BP2A.250605.031.A3/S938BXXU5BYI3_OXM5BYI3:user/release-keys 16)"
  },
  {
    "userId": 3,
    "ip": "148.252.157.36",
    "timestamp": 1765833086807,
    "userAgent": "Mozilla/5.0 (Linux; Android 10; K) AppleWebKit/537.36 (KHTML, like Gecko) Chrome/143.0.0.0 Mobile Safari/537.36"
  },
  {
    "userId": 9,
    "ip": "86.15.78.86",
    "timestamp": 1765836241806,
    "userAgent": "Mozilla/5.0 (Linux; Android 10; K) AppleWebKit/537.36 (KHTML, like Gecko) Chrome/143.0.0.0 Mobile Safari/537.36"
  },
  {
    "userId": 3,
    "ip": "148.252.157.36",
    "timestamp": 1765837981680,
    "userAgent": "Mozilla/5.0 (Linux; Android 16; SM-S938B Build/BP2A.250605.031.A3; wv) AppleWebKit/537.36 (KHTML, like Gecko) Version/4.0 Chrome/142.0.7444.171 Mobile Safari/537.36 median"
  },
  {
    "userId": 3,
    "ip": "148.252.158.71",
    "timestamp": 1765873891077,
    "userAgent": "Mozilla/5.0 (Linux; Android 10; K) AppleWebKit/537.36 (KHTML, like Gecko) SamsungBrowser/5.0. Chrome/130.0.0.0 Mobile Safari/537.36"
  },
  {
    "userId": 3,
    "ip": "148.252.158.71",
    "timestamp": 1765873892200,
    "userAgent": "Mozilla/5.0 (Linux; Android 10; K) AppleWebKit/537.36 (KHTML, like Gecko) SamsungBrowser/5.0. Chrome/130.0.0.0 Mobile Safari/537.36"
  },
  {
    "userId": 3,
    "ip": "107.172.132.180",
    "timestamp": 1765893635597,
    "userAgent": "Mozilla/5.0 (X11; Linux x86_64; rv:93.0) Gecko/20100101 Firefox/93.0"
  },
  {
    "userId": 68,
    "ip": "145.224.67.145",
    "timestamp": 1765910831611,
    "userAgent": "Mozilla/5.0 (iPhone; CPU iPhone OS 18_6_2 like Mac OS X) AppleWebKit/605.1.15 (KHTML, like Gecko) Version/18.6 Mobile/15E148 Safari/604.1"
  },
  {
    "userId": 3,
    "ip": "148.252.159.234",
    "timestamp": 1765913292289,
    "userAgent": "Mozilla/5.0 (Linux; Android 10; K) AppleWebKit/537.36 (KHTML, like Gecko) Chrome/143.0.0.0 Mobile Safari/537.36"
  },
  {
    "userId": 9,
    "ip": "86.15.78.86",
    "timestamp": 1765913676724,
    "userAgent": "Mozilla/5.0 (Windows NT 10.0; Win64; x64) AppleWebKit/537.36 (KHTML, like Gecko) Chrome/143.0.0.0 Safari/537.36"
  },
  {
    "userId": 3,
    "ip": "148.252.159.234",
    "timestamp": 1765916928090,
    "userAgent": "Mozilla/5.0 (Linux; Android 16; SM-S938B Build/BP2A.250605.031.A3; wv) AppleWebKit/537.36 (KHTML, like Gecko) Version/4.0 Chrome/142.0.7444.171 Mobile Safari/537.36 median"
  },
  {
    "userId": 93,
    "ip": "71.62.0.74",
    "timestamp": 1765928894106,
    "userAgent": "Mozilla/5.0 (Windows NT 10.0; Win64; x64) AppleWebKit/537.36 (KHTML, like Gecko) Chrome/143.0.0.0 Safari/537.36 Edg/143.0.0.0"
  },
  {
    "userId": 3,
    "ip": "148.252.157.75",
    "timestamp": 1765960910932,
    "userAgent": "Mozilla/5.0 (Linux; Android 10; K) AppleWebKit/537.36 (KHTML, like Gecko) SamsungBrowser/5.0. Chrome/130.0.0.0 Mobile Safari/537.36"
  },
  {
    "userId": 43,
    "ip": "2a02:ce0:3002:82c9:2c02:a66c:b686:e397",
    "timestamp": 1765961294490,
    "userAgent": "Mozilla/5.0 (Linux; Android 10; K) AppleWebKit/537.36 (KHTML, like Gecko) Chrome/143.0.0.0 Mobile Safari/537.36"
  },
  {
    "userId": 62,
    "ip": "2001:1c01:491:6f00:3941:13f1:3480:f19e",
    "timestamp": 1765992508564,
    "userAgent": "Mozilla/5.0 (Linux; Android 10; K) AppleWebKit/537.36 (KHTML, like Gecko) Chrome/143.0.0.0 Mobile Safari/537.36"
  },
  {
    "userId": 3,
    "ip": "148.252.159.135",
    "timestamp": 1766006903228,
    "userAgent": "Mozilla/5.0 (Linux; Android 10; K) AppleWebKit/537.36 (KHTML, like Gecko) Chrome/143.0.0.0 Mobile Safari/537.36"
  },
  {
    "userId": 167,
    "ip": "109.164.54.48",
    "timestamp": 1766063609599,
    "userAgent": "Mozilla/5.0 (Linux; Android 10; K) AppleWebKit/537.36 (KHTML, like Gecko) Chrome/143.0.0.0 Mobile Safari/537.36"
  },
  {
    "userId": 3,
    "ip": "107.172.132.180",
    "timestamp": 1766066113452,
    "userAgent": "Mozilla/5.0 (X11; Ubuntu; Linux x86_64; rv:87.0) Gecko/20100101 Firefox/87.0"
  },
  {
    "userId": 179,
    "ip": "127.0.0.1",
    "timestamp": 1766187371574,
    "userAgent": "Mozilla/5.0 (Windows NT 10.0; Win64; x64; rv:140.0) Gecko/20100101 Firefox/140.0"
  },
  {
    "userId": 3,
    "ip": "2a02:6ea0:de10:3595::13",
    "timestamp": 1766323296112,
    "userAgent": "Mozilla/5.0 (Linux; Android 10; K) AppleWebKit/537.36 (KHTML, like Gecko) Chrome/143.0.0.0 Mobile Safari/537.36"
  },
  {
    "userId": 3,
    "ip": "148.252.148.63",
    "timestamp": 1766416119705,
    "userAgent": "Mozilla/5.0 (Linux; Android 10; K) AppleWebKit/537.36 (KHTML, like Gecko) Chrome/143.0.0.0 Mobile Safari/537.36"
  },
  {
    "userId": 3,
    "ip": "84.70.155.143",
    "timestamp": 1766674010672,
    "userAgent": "Mozilla/5.0 (Linux; Android 16; SM-S938B Build/BP2A.250605.031.A3; wv) AppleWebKit/537.36 (KHTML, like Gecko) Version/4.0 Chrome/143.0.7499.115 Mobile Safari/537.36 Replit-Bonsai/2.169.1 (samsung/pa3qxeea/pa3q:16/BP2A.250605.031.A3/S938BXXU5BYI3_OXM5BYI3:user/release-keys 16)"
  },
  {
    "userId": 3,
    "ip": "84.70.155.143",
    "timestamp": 1766675095890,
    "userAgent": "Mozilla/5.0 (Linux; Android 16; SM-S938B Build/BP2A.250605.031.A3; wv) AppleWebKit/537.36 (KHTML, like Gecko) Version/4.0 Chrome/143.0.7499.115 Mobile Safari/537.36 Replit-Bonsai/2.169.1 (samsung/pa3qxeea/pa3q:16/BP2A.250605.031.A3/S938BXXU5BYI3_OXM5BYI3:user/release-keys 16)"
  },
  {
    "userId": 3,
    "ip": "84.70.155.143",
    "timestamp": 1766676359679,
    "userAgent": "Mozilla/5.0 (Linux; Android 10; K) AppleWebKit/537.36 (KHTML, like Gecko) Chrome/143.0.0.0 Mobile Safari/537.36"
  },
  {
    "userId": 3,
    "ip": "84.70.155.143",
    "timestamp": 1766677138046,
    "userAgent": "Mozilla/5.0 (Linux; Android 16; SM-S938B Build/BP2A.250605.031.A3; wv) AppleWebKit/537.36 (KHTML, like Gecko) Version/4.0 Chrome/143.0.7499.115 Mobile Safari/537.36 Replit-Bonsai/2.169.1 (samsung/pa3qxeea/pa3q:16/BP2A.250605.031.A3/S938BXXU5BYI3_OXM5BYI3:user/release-keys 16)"
  },
  {
    "userId": 3,
    "ip": "84.70.155.143",
    "timestamp": 1766677470001,
    "userAgent": "Mozilla/5.0 (Linux; Android 16; SM-S938B Build/BP2A.250605.031.A3; wv) AppleWebKit/537.36 (KHTML, like Gecko) Version/4.0 Chrome/143.0.7499.115 Mobile Safari/537.36 Replit-Bonsai/2.169.1 (samsung/pa3qxeea/pa3q:16/BP2A.250605.031.A3/S938BXXU5BYI3_OXM5BYI3:user/release-keys 16)"
  },
  {
    "userId": 3,
    "ip": "84.70.155.143",
    "timestamp": 1766678427494,
    "userAgent": "Mozilla/5.0 (Linux; Android 16; SM-S938B Build/BP2A.250605.031.A3; wv) AppleWebKit/537.36 (KHTML, like Gecko) Version/4.0 Chrome/143.0.7499.115 Mobile Safari/537.36 Replit-Bonsai/2.169.1 (samsung/pa3qxeea/pa3q:16/BP2A.250605.031.A3/S938BXXU5BYI3_OXM5BYI3:user/release-keys 16)"
  },
  {
    "userId": 3,
    "ip": "84.70.155.143",
    "timestamp": 1766678983799,
    "userAgent": "Mozilla/5.0 (Linux; Android 10; K) AppleWebKit/537.36 (KHTML, like Gecko) Chrome/143.0.0.0 Mobile Safari/537.36"
  },
  {
    "userId": 3,
    "ip": "84.70.155.143",
    "timestamp": 1766680050432,
    "userAgent": "Mozilla/5.0 (Linux; Android 16; SM-S938B Build/BP2A.250605.031.A3; wv) AppleWebKit/537.36 (KHTML, like Gecko) Version/4.0 Chrome/143.0.7499.115 Mobile Safari/537.36 Replit-Bonsai/2.169.1 (samsung/pa3qxeea/pa3q:16/BP2A.250605.031.A3/S938BXXU5BYI3_OXM5BYI3:user/release-keys 16)"
  },
  {
    "userId": 3,
    "ip": "84.70.155.143",
    "timestamp": 1766680303241,
    "userAgent": "Mozilla/5.0 (Linux; Android 10; K) AppleWebKit/537.36 (KHTML, like Gecko) Chrome/143.0.0.0 Mobile Safari/537.36"
  },
  {
    "userId": 3,
    "username": "Alz",
    "ip": "84.70.155.143",
    "timestamp": 1766681397671,
    "userAgent": "Mozilla/5.0 (Linux; Android 16; SM-S938B Build/BP2A.250605.031.A3; wv) AppleWebKit/537.36 (KHTML, like Gecko) Version/4.0 Chrome/143.0.7499.115 Mobile Safari/537.36 Replit-Bonsai/2.169.1 (samsung/pa3qxeea/pa3q:16/BP2A.250605.031.A3/S938BXXU5BYI3_OXM5BYI3:user/release-keys 16)"
  },
  {
    "userId": 3,
    "username": "Alz",
    "ip": "84.70.155.143",
    "timestamp": 1766682671014,
    "userAgent": "Mozilla/5.0 (Linux; Android 16; SM-S938B Build/BP2A.250605.031.A3; wv) AppleWebKit/537.36 (KHTML, like Gecko) Version/4.0 Chrome/143.0.7499.115 Mobile Safari/537.36 Replit-Bonsai/2.169.1 (samsung/pa3qxeea/pa3q:16/BP2A.250605.031.A3/S938BXXU5BYI3_OXM5BYI3:user/release-keys 16)"
  },
  {
    "userId": 3,
    "username": "Alz",
    "ip": "84.70.155.143",
    "timestamp": 1766682673232,
    "userAgent": "Mozilla/5.0 (Linux; Android 16; SM-S938B Build/BP2A.250605.031.A3; wv) AppleWebKit/537.36 (KHTML, like Gecko) Version/4.0 Chrome/143.0.7499.115 Mobile Safari/537.36 Replit-Bonsai/2.169.1 (samsung/pa3qxeea/pa3q:16/BP2A.250605.031.A3/S938BXXU5BYI3_OXM5BYI3:user/release-keys 16)"
  },
  {
    "userId": 3,
    "username": "Alz",
    "ip": "84.70.155.143",
    "timestamp": 1766682683563,
    "userAgent": "Mozilla/5.0 (Linux; Android 10; K) AppleWebKit/537.36 (KHTML, like Gecko) Chrome/143.0.0.0 Mobile Safari/537.36"
  },
  {
    "userId": 3,
    "username": "Alz",
    "ip": "84.70.155.143",
    "timestamp": 1766682815774,
    "userAgent": "Mozilla/5.0 (Linux; Android 16; SM-S938B Build/BP2A.250605.031.A3; wv) AppleWebKit/537.36 (KHTML, like Gecko) Version/4.0 Chrome/143.0.7499.115 Mobile Safari/537.36 Replit-Bonsai/2.169.1 (samsung/pa3qxeea/pa3q:16/BP2A.250605.031.A3/S938BXXU5BYI3_OXM5BYI3:user/release-keys 16)"
  },
  {
    "userId": 3,
    "username": "Alz",
    "ip": "84.70.155.143",
    "timestamp": 1766683408696,
    "userAgent": "Mozilla/5.0 (Linux; Android 10; K) AppleWebKit/537.36 (KHTML, like Gecko) Chrome/143.0.0.0 Mobile Safari/537.36"
  },
  {
    "userId": 3,
    "username": "Alz",
    "ip": "84.70.155.143",
    "timestamp": 1766683409282,
    "userAgent": "Mozilla/5.0 (Linux; Android 10; K) AppleWebKit/537.36 (KHTML, like Gecko) Chrome/143.0.0.0 Mobile Safari/537.36"
  },
  {
    "userId": 3,
    "username": "Alz",
    "ip": "84.70.155.143",
    "timestamp": 1766684681397,
    "userAgent": "Mozilla/5.0 (Linux; Android 16; SM-S938B Build/BP2A.250605.031.A3; wv) AppleWebKit/537.36 (KHTML, like Gecko) Version/4.0 Chrome/143.0.7499.115 Mobile Safari/537.36 Replit-Bonsai/2.169.1 (samsung/pa3qxeea/pa3q:16/BP2A.250605.031.A3/S938BXXU5BYI3_OXM5BYI3:user/release-keys 16)"
  },
  {
    "userId": 3,
    "username": "Alz",
    "ip": "84.70.155.143",
    "timestamp": 1766684980905,
    "userAgent": "Mozilla/5.0 (Linux; Android 10; K) AppleWebKit/537.36 (KHTML, like Gecko) Chrome/143.0.0.0 Mobile Safari/537.36"
  },
  {
    "userId": 3,
    "username": "Alz",
    "ip": "84.70.155.143",
    "timestamp": 1766685402633,
    "userAgent": "Mozilla/5.0 (Android 16; Mobile; rv:128.0) Gecko/128.0 Firefox/128.0"
  },
  {
    "userId": 3,
    "username": "Alz",
    "ip": "84.70.155.143",
    "timestamp": 1766686592678,
    "userAgent": "Mozilla/5.0 (Linux; Android 10; K) AppleWebKit/537.36 (KHTML, like Gecko) Chrome/143.0.0.0 Mobile Safari/537.36"
  },
  {
    "userId": 3,
    "username": "Alz",
    "ip": "84.70.155.143",
    "timestamp": 1766687102316,
    "userAgent": "Mozilla/5.0 (Linux; Android 16; SM-S938B Build/BP2A.250605.031.A3; wv) AppleWebKit/537.36 (KHTML, like Gecko) Version/4.0 Chrome/143.0.7499.115 Mobile Safari/537.36 Replit-Bonsai/2.169.1 (samsung/pa3qxeea/pa3q:16/BP2A.250605.031.A3/S938BXXU5BYI3_OXM5BYI3:user/release-keys 16)"
  },
  {
    "userId": 3,
    "username": "Alz",
    "ip": "84.70.155.143",
    "timestamp": 1766687926012,
    "userAgent": "Mozilla/5.0 (Linux; Android 16; SM-S938B Build/BP2A.250605.031.A3; wv) AppleWebKit/537.36 (KHTML, like Gecko) Version/4.0 Chrome/143.0.7499.115 Mobile Safari/537.36 Replit-Bonsai/2.169.1 (samsung/pa3qxeea/pa3q:16/BP2A.250605.031.A3/S938BXXU5BYI3_OXM5BYI3:user/release-keys 16)"
  },
  {
    "userId": 3,
    "username": "Alz",
    "ip": "84.70.155.143",
    "timestamp": 1766688888216,
    "userAgent": "Mozilla/5.0 (Linux; Android 10; K) AppleWebKit/537.36 (KHTML, like Gecko) Chrome/143.0.0.0 Mobile Safari/537.36"
  },
  {
    "userId": 3,
    "username": "Alz",
    "ip": "84.70.155.143",
    "timestamp": 1766693091083,
    "userAgent": "Mozilla/5.0 (Linux; Android 16; SM-S938B Build/BP2A.250605.031.A3; wv) AppleWebKit/537.36 (KHTML, like Gecko) Version/4.0 Chrome/143.0.7499.115 Mobile Safari/537.36 Replit-Bonsai/2.169.1 (samsung/pa3qxeea/pa3q:16/BP2A.250605.031.A3/S938BXXU5BYI3_OXM5BYI3:user/release-keys 16)"
  },
  {
    "userId": 3,
    "username": "Alz",
    "ip": "84.70.155.143",
    "timestamp": 1766693311489,
    "userAgent": "Mozilla/5.0 (Linux; Android 10; K) AppleWebKit/537.36 (KHTML, like Gecko) Chrome/143.0.0.0 Mobile Safari/537.36"
  },
  {
    "userId": 3,
    "username": "Alz",
    "ip": "127.0.0.1",
    "timestamp": 1766703655816,
    "userAgent": "Mozilla/5.0 (X11; Ubuntu; Linux x86_64; rv:146.0) Gecko/20100101 Firefox/146.0"
  },
  {
    "userId": 3,
    "username": "Alz",
    "ip": "2a0a:ef40:931:fd01:3999:ecb4:833e:b2b3",
    "timestamp": 1766711097120,
    "userAgent": "Mozilla/5.0 (Linux; Android 10; K) AppleWebKit/537.36 (KHTML, like Gecko) Chrome/143.0.0.0 Mobile Safari/537.36"
  },
  {
    "userId": 3,
    "username": "Alz",
    "ip": "2a0a:ef40:931:fd01:3999:ecb4:833e:b2b3",
    "timestamp": 1766711274588,
    "userAgent": "Mozilla/5.0 (Linux; Android 10; K) AppleWebKit/537.36 (KHTML, like Gecko) Chrome/143.0.0.0 Mobile Safari/537.36"
  },
  {
    "userId": 3,
    "username": "Alz",
    "ip": "2a0a:ef40:931:fd01:3999:ecb4:833e:b2b3",
    "timestamp": 1766711492994,
    "userAgent": "Mozilla/5.0 (Linux; Android 10; K) AppleWebKit/537.36 (KHTML, like Gecko) Chrome/143.0.0.0 Mobile Safari/537.36"
  },
  {
    "userId": 200,
    "username": "TheRealA3X",
    "ip": "148.252.149.25",
    "timestamp": 1766716977059,
    "userAgent": "Mozilla/5.0 (Linux; Android 10; K) AppleWebKit/537.36 (KHTML, like Gecko) Chrome/143.0.0.0 Mobile Safari/537.36"
  },
  {
    "userId": 198,
    "username": "Lust",
    "ip": "2a09:bac3:b8a:3cd::61:2c9",
    "timestamp": 1766758604640,
    "userAgent": "Mozilla/5.0 (iPhone; CPU iPhone OS 18_7 like Mac OS X) AppleWebKit/605.1.15 (KHTML, like Gecko) Version/18.7.2 Mobile/15E148 Safari/604.1"
  },
  {
    "userId": 3,
    "username": "Alz",
    "ip": "89.33.8.60",
    "timestamp": 1766787634267,
    "userAgent": "Mozilla/5.0 (Linux; Android 10; K) AppleWebKit/537.36 (KHTML, like Gecko) Chrome/143.0.0.0 Mobile Safari/537.36"
  },
  {
    "userId": 175,
    "username": "alfiebrown122",
    "ip": "2a09:bac5:375b:26a0::3d9:44",
    "timestamp": 1766787932657,
    "userAgent": "Mozilla/5.0 (Windows NT 10.0; Win64; x64) AppleWebKit/537.36 (KHTML, like Gecko) Chrome/143.0.0.0 Safari/537.36 Edg/143.0.0.0"
  },
  {
    "userId": 175,
    "username": "alfiebrown122",
    "ip": "2a09:bac5:375b:26a0::3d9:44",
    "timestamp": 1766787968531,
    "userAgent": "Mozilla/5.0 (Windows NT 10.0; Win64; x64) AppleWebKit/537.36 (KHTML, like Gecko) Chrome/143.0.0.0 Safari/537.36 Edg/143.0.0.0"
  },
  {
    "userId": 175,
    "username": "alfiebrown122",
    "ip": "2a09:bac5:375b:26a0::3d9:44",
    "timestamp": 1766790059741,
    "userAgent": "Mozilla/5.0 (Windows NT 10.0; Win64; x64) AppleWebKit/537.36 (KHTML, like Gecko) Chrome/114.0.5735.289 Safari/537.36"
  },
  {
    "userId": 3,
    "username": "Alz",
    "ip": "149.34.244.176",
    "timestamp": 1766843283219,
    "userAgent": "Mozilla/5.0 (Linux; Android 10; K) AppleWebKit/537.36 (KHTML, like Gecko) Chrome/143.0.0.0 Mobile Safari/537.36"
  },
  {
    "userId": 3,
    "event": "login",
    "ip_address": "149.34.244.176",
    "source_port": 47660,
    "timestamp_utc": "2025-12-27T14:29:08.466Z",
    "unix_ms": 1766845748466,
    "userAgent": "Mozilla/5.0 (Linux; Android 10; K) AppleWebKit/537.36 (KHTML, like Gecko) Chrome/143.0.0.0 Mobile Safari/537.36"
  },
  {
    "userId": 3,
    "event": "login",
    "ip_address": "149.34.244.176",
    "source_port": 36362,
    "timestamp_utc": "2025-12-27T14:52:59.882Z",
    "unix_ms": 1766847179882,
    "userAgent": "Mozilla/5.0 (Linux; Android 10; K) AppleWebKit/537.36 (KHTML, like Gecko) Chrome/143.0.0.0 Mobile Safari/537.36"
  },
  {
    "userId": 3,
    "event": "login",
    "ip_address": "149.34.244.155",
    "source_port": 52374,
    "timestamp_utc": "2025-12-28T02:26:27.373Z",
    "unix_ms": 1766888787373,
    "userAgent": "Mozilla/5.0 (Linux; Android 16; SM-S938B Build/BP2A.250605.031.A3; wv) AppleWebKit/537.36 (KHTML, like Gecko) Version/4.0 Chrome/143.0.7499.115 Mobile Safari/537.36 Replit-Bonsai/2.169.1 (samsung/pa3qxeea/pa3q:16/BP2A.250605.031.A3/S938BXXU5BYI3_OXM5BYI3:user/release-keys 16)"
  },
  {
    "userId": 3,
    "event": "login",
    "ip_address": "149.34.244.155",
    "source_port": 50682,
    "timestamp_utc": "2025-12-28T03:39:27.719Z",
    "unix_ms": 1766893167719,
    "userAgent": "Mozilla/5.0 (Linux; Android 10; K) AppleWebKit/537.36 (KHTML, like Gecko) Chrome/143.0.0.0 Mobile Safari/537.36"
  }
]