[
  {
    "userId": 3,
    "text": "#test .",
    "timestamp": 1760257898549,
    "likes": [
      3,
      6
    ],
    "retweets": [
      3,
      6
    ],
    "comments": [],
    "image": null,
    "id": 6,
    "views": [
      3,
      197,
      198,
      199,
      200,
      201,
      154,
      202,
      203,
      175,
      204,
      205,
      206,
      62
    ]
  },
  {
    "userId": 3,
    "text": "Grrrr",
    "timestamp": 1760256298438,
    "likes": [
      3,
      6,
      56
    ],
    "retweets": [
      6
    ],
    "comments": [],
    "image": null,
    "mood": "😡",
    "id": 5,
    "views": [
      3,
      197,
      198,
      199,
      200,
      201,
      154,
      202,
      203,
      175,
      204,
      205,
      206,
      62
    ]
  },
  {
    "id": 2,
    "userId": 2,
    "text": "It's easier to ask forgiveness than it is to get permission—especially when debugging at 3 a.m.",
    "timestamp": 1728646802000,
    "likes": [],
    "retweets": [],
    "comments": [],
    "views": [
      3,
      197,
      198,
      199,
      200,
      201,
      154,
      202,
      203,
      175,
      204,
      205,
      206,
      62,
      207
    ]
  },
  {
    "id": 7,
    "userId": 4,
    "text": "I am officially on XVO!",
    "timestamp": 1760377139540,
    "likes": [
      3
    ],
    "retweets": [
      3
    ],
    "comments": [],
    "image": null,
    "mood": "😊",
    "location": null,
    "views": [
      3,
      197,
      198,
      199,
      200,
      201,
      154,
      202,
      203,
      175,
      204,
      205,
      206,
      62,
      207
    ]
  },
  {
    "id": 8,
    "userId": 4,
    "text": "Hhs",
    "timestamp": 1760377486333,
    "likes": [
      3
    ],
    "retweets": [
      3
    ],
    "comments": [],
    "image": null,
    "mood": null,
    "location": null,
    "views": [
      3,
      197,
      198,
      199,
      200,
      201,
      154,
      202,
      203,
      175,
      204,
      205,
      206,
      62,
      207
    ]
  },
  {
    "id": 9,
    "userId": 3,
    "text": "lets gooopo data saves",
    "timestamp": 1760377503178,
    "likes": [
      6
    ],
    "retweets": [
      6
    ],
    "comments": [],
    "image": null,
    "mood": null,
    "location": null,
    "views": [
      3,
      197,
      198,
      199,
      200,
      201,
      154,
      202,
      203,
      175,
      204,
      205,
      206,
      62
    ]
  },
  {
    "id": 10,
    "userId": 4,
    "text": "Lets goooo",
    "timestamp": 1760377520158,
    "likes": [
      3
    ],
    "retweets": [
      3
    ],
    "comments": [
      {
        "id": 1,
        "userId": 4,
        "text": "Yoo first comment",
        "timestamp": 1760377620156
      },
      {
        "id": 2,
        "userId": 3,
        "text": "Lol you remind me of asus",
        "timestamp": 1760377632301
      }
    ],
    "image": null,
    "mood": null,
    "location": null,
    "views": [
      3,
      197,
      198,
      199,
      200,
      201,
      154,
      202,
      203,
      175,
      204,
      205,
      206,
      62,
      207
    ]
  },
  {
    "id": 11,
    "userId": 4,
    "text": "Is the database still working?",
    "timestamp": 1760378346483,
    "likes": [],
    "retweets": [],
    "comments": [
      {
        "id": 1,
        "userId": 3,
        "text": "Yes",
        "timestamp": 1760378360334
      }
    ],
    "image": null,
    "mood": null,
    "location": null,
    "views": [
      3,
      197,
      198,
      199,
      200,
      201,
      154,
      202,
      203,
      175,
      204,
      205,
      206,
      62,
      207
    ]
  },
  {
    "id": 12,
    "userId": 3,
    "text": "Hi chat",
    "timestamp": 1760380663118,
    "likes": [
      3,
      6
    ],
    "retweets": [
      3,
      6
    ],
    "comments": [
      {
        "id": 1,
        "userId": 3,
        "text": "Hi",
        "timestamp": 1760381191565
      }
    ],
    "image": null,
    "mood": null,
    "location": null,
    "views": [
      3,
      197,
      198,
      199,
      200,
      201,
      154,
      202,
      203,
      175,
      204,
      205,
      206,
      62
    ]
  },
  {
    "id": 13,
    "userId": 5,
    "text": "I am officially on XVO!",
    "timestamp": 1760382793795,
    "likes": [
      3,
      5,
      6
    ],
    "retweets": [],
    "comments": [
      {
        "id": 1,
        "userId": 3,
        "text": "Welcome Test!",
        "timestamp": 1760382811806
      }
    ],
    "image": null,
    "mood": "😊",
    "location": null,
    "views": [
      3,
      197,
      198,
      199,
      200,
      201,
      154,
      202,
      203,
      175,
      204,
      205,
      206,
      62,
      207
    ]
  },
  {
    "id": 14,
    "userId": 3,
    "text": "Hmmm so basically someting from admin panel is not saving into json and also some other stuff like bios",
    "timestamp": 1760382928221,
    "likes": [
      6,
      3
    ],
    "retweets": [
      6
    ],
    "comments": [],
    "image": null,
    "mood": null,
    "location": null,
    "views": [
      3,
      197,
      198,
      199,
      200,
      201,
      154,
      202,
      203,
      175,
      204,
      205,
      206,
      62
    ]
  },
  {
    "id": 15,
    "userId": 6,
    "text": "I am officially on XVO!",
    "timestamp": 1760425372699,
    "likes": [],
    "retweets": [],
    "comments": [],
    "image": null,
    "mood": "😊",
    "location": null,
    "views": [
      3,
      197,
      198,
      199,
      200,
      201,
      154,
      202,
      203,
      175,
      204,
      205,
      206,
      62,
      207
    ]
  },
  {
    "id": 16,
    "userId": 3,
    "text": ".",
    "timestamp": 1760559095281,
    "likes": [],
    "retweets": [],
    "comments": [],
    "image": null,
    "mood": null,
    "location": null,
    "views": [
      3,
      197,
      198,
      199,
      200,
      201,
      154,
      202,
      203,
      175,
      204,
      205,
      206,
      62
    ]
  },
  {
    "id": 17,
    "userId": 3,
    "text": ".",
    "timestamp": 1760559096908,
    "likes": [],
    "retweets": [],
    "comments": [],
    "image": null,
    "mood": null,
    "location": null,
    "views": [
      3,
      197,
      198,
      199,
      200,
      201,
      154,
      202,
      203,
      175,
      204,
      205,
      206,
      62
    ]
  },
  {
    "id": 18,
    "userId": 3,
    "text": ".",
    "timestamp": 1760559098359,
    "likes": [],
    "retweets": [],
    "comments": [],
    "image": null,
    "mood": null,
    "location": null,
    "views": [
      3,
      197,
      198,
      199,
      200,
      201,
      154,
      202,
      203,
      175,
      204,
      205,
      206,
      62
    ]
  },
  {
    "id": 19,
    "userId": 3,
    "text": ".",
    "timestamp": 1760559099708,
    "likes": [],
    "retweets": [],
    "comments": [],
    "image": null,
    "mood": null,
    "location": null,
    "views": [
      3,
      197,
      198,
      199,
      200,
      201,
      154,
      202,
      203,
      175,
      204,
      205,
      206,
      62
    ]
  },
  {
    "id": 20,
    "userId": 3,
    "text": ".",
    "timestamp": 1760559101024,
    "likes": [],
    "retweets": [],
    "comments": [],
    "image": null,
    "mood": null,
    "location": null,
    "views": [
      3,
      197,
      198,
      199,
      200,
      201,
      154,
      202,
      203,
      175,
      204,
      205,
      206,
      62
    ]
  },
  {
    "id": 21,
    "userId": 3,
    "text": "Idk",
    "timestamp": 1765399704065,
    "likes": [],
    "retweets": [],
    "comments": [],
    "image": null,
    "video": null,
    "mood": null,
    "location": null,
    "views": [
      3,
      197,
      198,
      199,
      200,
      201,
      154,
      202,
      203,
      175,
      204,
      205,
      206,
      62
    ]
  },
  {
    "id": 22,
    "userId": 3,
    "text": "D",
    "timestamp": 1765399928332,
    "likes": [],
    "retweets": [
      3
    ],
    "comments": [],
    "image": null,
    "video": null,
    "mood": null,
    "location": null,
    "views": [
      3,
      197,
      198,
      199,
      200,
      201,
      154,
      202,
      203,
      175,
      204,
      205,
      206,
      62
    ]
  },
  {
    "id": 24,
    "userId": 8,
    "text": "I am officially on XVO!",
    "timestamp": 1765453650662,
    "likes": [],
    "retweets": [],
    "comments": [],
    "image": null,
    "video": null,
    "mood": "😊",
    "location": null,
    "views": [
      3,
      197,
      198,
      199,
      200,
      201,
      154,
      202,
      203,
      175,
      204,
      205,
      206,
      62,
      207
    ]
  },
  {
    "id": 25,
    "userId": 3,
    "text": "#BringBackTheOldInternet",
    "timestamp": 1765478364811,
    "likes": [
      3,
      28
    ],
    "retweets": [
      28
    ],
    "comments": [],
    "image": null,
    "video": null,
    "mood": null,
    "location": null,
    "views": [
      3,
      197,
      198,
      199,
      200,
      201,
      154,
      202,
      203,
      175,
      204,
      205,
      206,
      62
    ]
  },
  {
    "id": 26,
    "userId": 3,
    "text": "Test",
    "timestamp": 1765832998561,
    "likes": [
      28
    ],
    "retweets": [],
    "comments": [
      {
        "id": 1,
        "userId": 3,
        "text": "Test",
        "timestamp": 1765833073092
      }
    ],
    "image": null,
    "video": null,
    "mood": null,
    "location": null,
    "views": [
      3,
      197,
      198,
      199,
      200,
      201,
      154,
      202,
      203,
      175,
      204,
      205,
      206,
      62
    ]
  },
  {
    "id": 27,
    "userId": 3,
    "text": "WELCOME GUYSSS",
    "timestamp": 1765834953808,
    "likes": [
      28
    ],
    "retweets": [],
    "comments": [],
    "image": null,
    "video": null,
    "mood": null,
    "location": null,
    "views": [
      3,
      197,
      198,
      199,
      200,
      201,
      154,
      202,
      203,
      175,
      204,
      205,
      206,
      62
    ]
  },
  {
    "id": 28,
    "userId": 9,
    "text": "Where to seek professional help",
    "timestamp": 1765835106701,
    "likes": [
      9,
      3,
      28
    ],
    "retweets": [
      3
    ],
    "comments": [
      {
        "id": 1,
        "userId": 3,
        "text": "Me hi",
        "timestamp": 1765835139454
      },
      {
        "id": 2,
        "userId": 9,
        "text": "you are not Professional",
        "timestamp": 1765835234250
      },
      {
        "id": 3,
        "userId": 3,
        "text": "Im very professional ☺️",
        "timestamp": 1765835625539
      },
      {
        "id": 4,
        "userId": 9,
        "text": "no",
        "timestamp": 1765836246704
      },
      {
        "id": 5,
        "userId": 3,
        "text": "yes 😠",
        "timestamp": 1765838363904
      },
      {
        "id": 6,
        "userId": 3,
        "text": "Ru alive",
        "timestamp": 1766660740979
      },
      {
        "id": 7,
        "userId": 3,
        "text": "Fabbbii",
        "timestamp": 1766660748070
      }
    ],
    "image": null,
    "video": null,
    "mood": null,
    "location": null,
    "views": [
      3,
      197,
      198,
      199,
      200,
      201,
      154,
      202,
      203,
      175,
      204,
      205,
      206,
      62,
      207
    ]
  },
  {
    "id": 29,
    "userId": 9,
    "text": "SOMEBODY HELP ME",
    "timestamp": 1765836263004,
    "likes": [
      3,
      28
    ],
    "retweets": [],
    "comments": [
      {
        "id": 1,
        "userId": 3,
        "text": "ME ME ME",
        "timestamp": 1765837245634
      }
    ],
    "image": null,
    "video": null,
    "mood": null,
    "location": null,
    "views": [
      3,
      197,
      198,
      199,
      200,
      201,
      154,
      202,
      203,
      175,
      204,
      205,
      206,
      62,
      207
    ]
  },
  {
    "id": 31,
    "userId": 3,
    "text": "Texting from the appppp",
    "timestamp": 1765838027642,
    "likes": [
      28
    ],
    "retweets": [
      28
    ],
    "comments": [],
    "image": null,
    "video": null,
    "mood": null,
    "location": null,
    "views": [
      3,
      197,
      198,
      199,
      200,
      201,
      154,
      202,
      203,
      175,
      204,
      205,
      206,
      62
    ]
  },
  {
    "id": 32,
    "userId": 12,
    "text": "Hi",
    "timestamp": 1765840817349,
    "likes": [
      3,
      28
    ],
    "retweets": [],
    "comments": [
      {
        "id": 1,
        "userId": 3,
        "text": "Hey",
        "timestamp": 1765840969278
      },
      {
        "id": 2,
        "userId": 107,
        "text": "hi man",
        "timestamp": 1765929570898
      }
    ],
    "image": null,
    "video": null,
    "mood": null,
    "location": null,
    "views": [
      3,
      197,
      198,
      199,
      200,
      201,
      154,
      202,
      203,
      175,
      204,
      205,
      206,
      62,
      207
    ]
  },
  {
    "id": 33,
    "userId": 16,
    "text": "Sup",
    "timestamp": 1765841645825,
    "likes": [
      28
    ],
    "retweets": [],
    "comments": [
      {
        "id": 1,
        "userId": 3,
        "text": "Why is there so many ppl on xvo wth",
        "timestamp": 1765841820450
      }
    ],
    "image": null,
    "video": null,
    "mood": null,
    "location": null,
    "views": [
      3,
      197,
      198,
      199,
      200,
      201,
      154,
      202,
      203,
      175,
      204,
      205,
      206,
      62,
      207
    ]
  },
  {
    "id": 34,
    "userId": 17,
    "text": "Hi guys",
    "timestamp": 1765841930364,
    "likes": [
      28
    ],
    "retweets": [],
    "comments": [],
    "image": null,
    "video": null,
    "mood": null,
    "location": null,
    "views": [
      3,
      197,
      198,
      199,
      200,
      201,
      154,
      202,
      203,
      175,
      204,
      205,
      206,
      62,
      207
    ]
  },
  {
    "id": 35,
    "userId": 3,
    "text": "I love how LG TV's sell your data unless you manually turn it ofd from settings 💀",
    "timestamp": 1765855109563,
    "likes": [
      3,
      174
    ],
    "retweets": [],
    "comments": [],
    "image": null,
    "video": null,
    "mood": null,
    "location": null,
    "views": [
      3,
      197,
      198,
      199,
      200,
      201,
      154,
      202,
      203,
      175,
      204,
      205,
      206,
      62
    ]
  },
  {
    "id": 36,
    "userId": 36,
    "text": "Hey",
    "timestamp": 1765861130589,
    "likes": [],
    "retweets": [
      38
    ],
    "comments": [
      {
        "id": 1,
        "userId": 3,
        "text": "Hey jose",
        "timestamp": 1765871870089
      }
    ],
    "image": null,
    "video": null,
    "mood": null,
    "location": null,
    "views": [
      3,
      197,
      198,
      199,
      200,
      201,
      154,
      202,
      203,
      175,
      204,
      205,
      206,
      62,
      207
    ]
  },
  {
    "id": 37,
    "userId": 42,
    "text": "Yooooooo",
    "timestamp": 1765870236293,
    "likes": [],
    "retweets": [],
    "comments": [],
    "image": "http://synvo.online/uploads/1765870234639-561074955.jpg",
    "video": null,
    "mood": null,
    "location": null,
    "views": [
      3,
      197,
      198,
      199,
      200,
      201,
      154,
      202,
      203,
      175,
      204,
      205,
      206,
      62,
      207
    ]
  },
  {
    "id": 38,
    "userId": 62,
    "text": "hey guys i got a rare user you guys dont",
    "timestamp": 1765904141569,
    "likes": [],
    "retweets": [],
    "comments": [
      {
        "id": 1,
        "userId": 28,
        "text": "Look at @AI username",
        "timestamp": 1765905462038
      },
      {
        "id": 2,
        "userId": 9,
        "text": "do u want a medal",
        "timestamp": 1765913803105
      }
    ],
    "image": null,
    "video": null,
    "mood": null,
    "location": null,
    "views": [
      3,
      197,
      198,
      199,
      200,
      201,
      154,
      202,
      203,
      175,
      204,
      205,
      206,
      62,
      207
    ]
  },
  {
    "id": 39,
    "userId": 3,
    "text": "Maybe I'll release a new update before the new year.",
    "timestamp": 1765915908821,
    "likes": [
      174
    ],
    "retweets": [
      174
    ],
    "comments": [],
    "image": null,
    "video": null,
    "mood": null,
    "location": null,
    "views": [
      3,
      197,
      198,
      199,
      200,
      201,
      154,
      202,
      203,
      175,
      204,
      205,
      206,
      62
    ]
  },
  {
    "id": 40,
    "userId": 85,
    "text": "What is this app",
    "timestamp": 1765927467096,
    "likes": [],
    "retweets": [],
    "comments": [
      {
        "id": 1,
        "userId": 97,
        "text": "idk nigger",
        "timestamp": 1765929065339
      }
    ],
    "image": null,
    "video": null,
    "mood": null,
    "location": null,
    "views": [
      3,
      197,
      198,
      199,
      200,
      201,
      154,
      202,
      203,
      175,
      204,
      205,
      206,
      62,
      207
    ]
  },
  {
    "id": 42,
    "userId": 89,
    "text": "s",
    "timestamp": 1765928728624,
    "likes": [],
    "retweets": [],
    "comments": [],
    "image": null,
    "video": null,
    "mood": null,
    "location": null,
    "views": [
      3,
      197,
      198,
      199,
      200,
      201,
      154,
      202,
      203,
      175,
      204,
      205,
      206,
      62,
      207
    ]
  },
  {
    "id": 45,
    "userId": 99,
    "text": "",
    "timestamp": 1765929221412,
    "likes": [],
    "retweets": [],
    "comments": [
      {
        "id": 1,
        "userId": 100,
        "text": "w",
        "timestamp": 1765929310181
      }
    ],
    "image": "http://xvo.social/uploads/1765929220031-85092909.png",
    "video": null,
    "mood": null,
    "location": null,
    "views": [
      3,
      197,
      198,
      199,
      200,
      201,
      154,
      202,
      203,
      175,
      204,
      205,
      206,
      62,
      207
    ]
  },
  {
    "id": 46,
    "userId": 106,
    "text": "s",
    "timestamp": 1765929522852,
    "likes": [],
    "retweets": [],
    "comments": [],
    "image": null,
    "video": null,
    "mood": null,
    "location": null,
    "views": [
      3,
      197,
      198,
      199,
      200,
      201,
      154,
      202,
      203,
      175,
      204,
      205,
      206,
      62,
      207
    ]
  },
  {
    "id": 55,
    "userId": 143,
    "text": "ban the faggit gooners",
    "timestamp": 1765944653252,
    "likes": [],
    "retweets": [],
    "comments": [],
    "image": null,
    "video": null,
    "mood": null,
    "location": null,
    "views": [
      3,
      197,
      198,
      199,
      200,
      201,
      154,
      202,
      203,
      175,
      204,
      205,
      206,
      62,
      207
    ]
  },
  {
    "id": 56,
    "userId": 144,
    "text": "d\n\nd\nd\nd\nd",
    "timestamp": 1765944723589,
    "likes": [],
    "retweets": [],
    "comments": [],
    "image": null,
    "video": null,
    "mood": null,
    "location": null,
    "views": [
      3,
      197,
      198,
      199,
      200,
      201,
      154,
      202,
      203,
      175,
      204,
      205,
      206,
      62,
      207
    ]
  },
  {
    "id": 57,
    "userId": 62,
    "text": "frickin tuff app boiiiii🤣🤣🤣🤣😂😂😂✋️✋️✋️",
    "timestamp": 1765992562559,
    "likes": [],
    "retweets": [],
    "comments": [
      {
        "id": 1,
        "userId": 174,
        "text": "Sybau",
        "timestamp": 1765996911738
      }
    ],
    "image": null,
    "video": null,
    "mood": null,
    "location": null,
    "views": [
      3,
      197,
      198,
      199,
      200,
      201,
      154,
      202,
      203,
      175,
      204,
      205,
      206,
      62,
      207
    ]
  },
  {
    "id": 58,
    "userId": 173,
    "text": "This is neat",
    "timestamp": 1765994469573,
    "likes": [
      3,
      178
    ],
    "retweets": [],
    "comments": [
      {
        "id": 1,
        "userId": 3,
        "text": "Guess what? I completely AGREE!",
        "timestamp": 1765997776513
      }
    ],
    "image": null,
    "video": null,
    "mood": null,
    "location": null,
    "views": [
      3,
      197,
      198,
      199,
      200,
      201,
      154,
      202,
      203,
      175,
      204,
      205,
      206,
      62,
      207
    ]
  },
  {
    "id": 59,
    "userId": 3,
    "text": "Ill soon open up synvo.tech domain",
    "timestamp": 1765997865869,
    "likes": [
      178
    ],
    "retweets": [
      203
    ],
    "comments": [],
    "image": null,
    "video": null,
    "mood": null,
    "location": null,
    "views": [
      3,
      197,
      198,
      199,
      200,
      201,
      154,
      202,
      203,
      175,
      204,
      205,
      206,
      62
    ]
  },
  {
    "id": 60,
    "userId": 179,
    "text": "what is this even",
    "timestamp": 1766085293699,
    "likes": [],
    "retweets": [],
    "comments": [],
    "image": null,
    "video": null,
    "mood": null,
    "location": null,
    "views": [
      3,
      197,
      198,
      199,
      200,
      201,
      154,
      202,
      203,
      175,
      204,
      205,
      206,
      62,
      207
    ]
  },
  {
    "id": 61,
    "userId": 180,
    "text": "gang gang\nis this like x?",
    "timestamp": 1766086447438,
    "likes": [],
    "retweets": [],
    "comments": [
      {
        "id": 1,
        "userId": 3,
        "text": "Yes",
        "timestamp": 1766170203090
      }
    ],
    "image": null,
    "video": null,
    "mood": null,
    "location": null,
    "views": [
      3,
      197,
      198,
      199,
      200,
      201,
      154,
      202,
      203,
      175,
      204,
      205,
      206,
      62,
      207
    ]
  },
  {
    "id": 62,
    "userId": 179,
    "text": "wow",
    "timestamp": 1766187425175,
    "likes": [],
    "retweets": [],
    "comments": [],
    "image": null,
    "video": null,
    "mood": null,
    "location": null,
    "views": [
      3,
      197,
      198,
      199,
      200,
      201,
      154,
      202,
      203,
      175,
      204,
      205,
      206,
      62,
      207
    ]
  },
  {
    "id": 63,
    "userId": 3,
    "text": "I really need to redesign the ui cos rn it looks like a twitter rip-off",
    "timestamp": 1766243273148,
    "likes": [],
    "retweets": [],
    "comments": [],
    "image": null,
    "video": null,
    "mood": null,
    "location": null,
    "views": [
      3,
      197,
      198,
      199,
      200,
      201,
      154,
      202,
      203,
      175,
      204,
      205,
      206,
      62
    ]
  },
  {
    "id": 64,
    "userId": 3,
    "text": "Dead chat",
    "timestamp": 1766504207216,
    "likes": [],
    "retweets": [],
    "comments": [],
    "image": null,
    "video": null,
    "mood": null,
    "location": null,
    "views": [
      3,
      197,
      198,
      199,
      200,
      201,
      154,
      202,
      203,
      175,
      204,
      205,
      206,
      62
    ]
  },
  {
    "id": 65,
    "userId": 183,
    "text": "",
    "timestamp": 1766578288887,
    "likes": [],
    "retweets": [],
    "comments": [
      {
        "id": 1,
        "userId": 3,
        "text": "No",
        "timestamp": 1766609264934,
        "likes": [
          3
        ],
        "retweets": []
      }
    ],
    "image": "http://xvo.social/uploads/1766578285651-370941803.jpg",
    "video": null,
    "mood": null,
    "location": null,
    "views": [
      3,
      198,
      199,
      200,
      201,
      197,
      154,
      202,
      203,
      175,
      204,
      205,
      206,
      62,
      207
    ]
  },
  {
    "id": 66,
    "userId": 3,
    "text": "67",
    "timestamp": 1766664327321,
    "likes": [
      3,
      199,
      200,
      203
    ],
    "retweets": [],
    "comments": [],
    "image": "http://xvo.social/uploads/1766664326679-830596845.jpg",
    "video": null,
    "mood": null,
    "location": null,
    "views": [
      3,
      197,
      198,
      199,
      200,
      201,
      154,
      202,
      203,
      175,
      204,
      205,
      206,
      62
    ]
  },
  {
    "id": 67,
    "userId": 3,
    "text": "Next version of xvo is mad impressive and stable chat",
    "timestamp": 1766670917930,
    "likes": [],
    "retweets": [],
    "comments": [],
    "image": null,
    "video": null,
    "mood": null,
    "location": null,
    "views": [
      3,
      197,
      198,
      199,
      200,
      201,
      154,
      202,
      203,
      175,
      204,
      205,
      206,
      62
    ]
  },
  {
    "id": 69,
    "userId": 3,
    "text": "Test",
    "timestamp": 1766681406729,
    "likes": [],
    "retweets": [],
    "comments": [
      {
        "id": 1,
        "userId": 3,
        "text": "Hey chat",
        "timestamp": 1766683415317,
        "views": [],
        "likes": [],
        "retweets": [],
        "replyTo": null,
        "replies": []
      }
    ],
    "image": null,
    "video": null,
    "poll": {
      "options": [
        {
          "text": "Test",
          "votes": [
            3,
            197,
            199,
            203
          ]
        },
        {
          "text": "Y",
          "votes": [
            204
          ]
        }
      ]
    },
    "linkPreview": null,
    "views": [
      3,
      197,
      198,
      199,
      200,
      201,
      154,
      202,
      203,
      175,
      204,
      205,
      206,
      62
    ],
    "trustScore": 100,
    "moderationStatus": "approved",
    "visibilityDelay": 0,
    "scheduledShowTime": 1766681406729
  },
  {
    "id": 70,
    "userId": 197,
    "text": "Hey",
    "timestamp": 1766686039131,
    "likes": [],
    "retweets": [],
    "comments": [
      {
        "id": 1,
        "userId": 3,
        "text": "67",
        "timestamp": 1766693102869,
        "views": [],
        "likes": [],
        "retweets": [],
        "replyTo": null,
        "replies": []
      }
    ],
    "image": null,
    "video": null,
    "poll": null,
    "linkPreview": null,
    "views": [
      197,
      3,
      198,
      199,
      200,
      201,
      154,
      202,
      203,
      175,
      204,
      205,
      206,
      62,
      207
    ],
    "trustScore": 100,
    "moderationStatus": "approved",
    "visibilityDelay": 0,
    "scheduledShowTime": 1766686039131
  },
  {
    "id": 71,
    "userId": 197,
    "text": "Erm",
    "timestamp": 1766686188555,
    "likes": [
      3
    ],
    "retweets": [],
    "comments": [],
    "image": null,
    "video": null,
    "poll": null,
    "linkPreview": null,
    "views": [
      197,
      3,
      198,
      199,
      200,
      201,
      154,
      202,
      203,
      175,
      204,
      205,
      206,
      62,
      207
    ],
    "trustScore": 100,
    "moderationStatus": "approved",
    "visibilityDelay": 0,
    "scheduledShowTime": 1766686188555
  },
  {
    "id": 72,
    "userId": 199,
    "text": "Yooooooo is the shit coocked",
    "timestamp": 1766705324119,
    "likes": [],
    "retweets": [],
    "comments": [],
    "image": null,
    "video": null,
    "poll": null,
    "linkPreview": null,
    "views": [
      199,
      3,
      200,
      201,
      197,
      154,
      202,
      198,
      203,
      175,
      204,
      205,
      206,
      62,
      207
    ],
    "trustScore": 100,
    "moderationStatus": "approved",
    "visibilityDelay": 0,
    "scheduledShowTime": 1766705324119
  },
  {
    "id": 73,
    "userId": 199,
    "text": "",
    "timestamp": 1766705550306,
    "likes": [],
    "retweets": [
      200
    ],
    "comments": [
      {
        "id": 1,
        "userId": 3,
        "text": "Hey chat",
        "timestamp": 1766706857857,
        "views": [],
        "likes": [],
        "retweets": [],
        "replyTo": null,
        "replies": []
      }
    ],
    "image": null,
    "video": null,
    "poll": {
      "options": [
        {
          "text": "Iron man",
          "votes": [
            199,
            3,
            203
          ]
        },
        {
          "text": "Bat",
          "votes": [
            175
          ]
        }
      ]
    },
    "linkPreview": null,
    "views": [
      199,
      3,
      200,
      201,
      197,
      154,
      202,
      198,
      203,
      175,
      204,
      205,
      206,
      62,
      207
    ],
    "trustScore": 100,
    "moderationStatus": "approved",
    "visibilityDelay": 0,
    "scheduledShowTime": 1766705550306
  },
  {
    "id": 74,
    "userId": 3,
    "text": "Ok this release wasnt that stable but dw tmw release will be more stable",
    "timestamp": 1766711203804,
    "likes": [
      3,
      200,
      201
    ],
    "retweets": [
      200
    ],
    "comments": [],
    "image": null,
    "video": null,
    "poll": null,
    "linkPreview": null,
    "views": [
      3,
      200,
      201,
      197,
      154,
      202,
      198,
      203,
      175,
      204,
      205,
      206,
      62
    ],
    "trustScore": 100,
    "moderationStatus": "approved",
    "visibilityDelay": 0,
    "scheduledShowTime": 1766711203804
  },
  {
    "id": 75,
    "userId": 202,
    "text": "https://discord.gift/2Q7MAx3tfqaGWBbJ",
    "timestamp": 1766758583107,
    "likes": [],
    "retweets": [],
    "comments": [],
    "image": null,
    "video": null,
    "poll": null,
    "linkPreview": null,
    "views": [
      202,
      198,
      203,
      3,
      200,
      175,
      204,
      205,
      206,
      62,
      207
    ],
    "trustScore": 100,
    "moderationStatus": "approved",
    "visibilityDelay": 0,
    "scheduledShowTime": 1766758583107
  },
  {
    "id": 76,
    "userId": 62,
    "text": "my name is sam",
    "timestamp": 1766840553430,
    "likes": [],
    "retweets": [],
    "comments": [
      {
        "id": 1,
        "userId": 200,
        "text": "Hey sam",
        "timestamp": 1766841496191,
        "views": [],
        "likes": [],
        "retweets": [],
        "replyTo": null,
        "replies": []
      }
    ],
    "image": null,
    "video": null,
    "poll": null,
    "linkPreview": null,
    "views": [
      62,
      200,
      3,
      207
    ],
    "trustScore": 100,
    "moderationStatus": "approved",
    "visibilityDelay": 0,
    "scheduledShowTime": 1766840553430
  }
]