[
  {
    "id": 1,
    "userId": 3,
    "reportedId": 183,
    "reportedType": "user",
    "reason": "Inappropriate Content: Test",
    "timestamp": 1766677772228,
    "resolved": true
  },
  {
    "id": 2,
    "userId": 3,
    "reportedId": 183,
    "reportedType": "user",
    "reason": "Spam",
    "timestamp": 1766677788195,
    "resolved": true,
    "action": "false_report"
  },
  {
    "id": 3,
    "userId": 3,
    "reportedId": 2,
    "reportedType": "comment",
    "reason": "Scam",
    "timestamp": 1766677963646,
    "resolved": true,
    "action": "false_report"
  },
  {
    "id": 4,
    "userId": 3,
    "reportedId": 66,
    "reportedType": "post",
    "reason": "Abuse/Harassment",
    "timestamp": 1766677968332,
    "resolved": true,
    "action": "false_report"
  },
  {
    "id": 5,
    "userId": 3,
    "reportedId": 66,
    "reportedType": "post",
    "reason": "Scam",
    "timestamp": 1766678445039,
    "resolved": true,
    "action": "false_report"
  },
  {
    "id": 6,
    "userId": 3,
    "reportedId": 4,
    "reportedType": "user",
    "reason": "Abuse/Harassment",
    "timestamp": 1766711031057,
    "resolved": true,
    "action": "resolved"
  }
]